url,segment,median_price,entry_level,high_end,sold_this_year,rental_median,auction_clearance,avg_days_on_market,yearly
https://www.domain.com.au/suburb-profile/aarons-pass-nsw-2850,,,,,,,,,
https://www.domain.com.au/suburb-profile/abba-river-wa-6280,,,,,,,,,
https://www.domain.com.au/suburb-profile/abbey-wa-6280,3 Bedroom House,,,,,,,,
https://www.domain.com.au/suburb-profile/abbey-wa-6280,4 Bedroom House,,,,,,,,
https://www.domain.com.au/suburb-profile/abbey-wa-6280,5 Bedroom House,,,,,,,,
https://www.domain.com.au/suburb-profile/abbeyard-vic-3737,,,,,,,,,
https://www.domain.com.au/suburb-profile/abbeywood-qld-4613,,,,,,,,,
https://www.domain.com.au/suburb-profile/abbotsbury-nsw-2176,3 Bedroom House,,,,,,,,
https://www.domain.com.au/suburb-profile/abbotsbury-nsw-2176,4 Bedroom House,$1.506m,$1.24m,$2.25m,22,$895,53%,62,2025=$1.506m(3.2%)[22]; 2024=$1.46m(-11.5%)[19]; 2023=$1.65m(15.4%)[16]; 2022=$1.43m(24.3%)[21]; 2021=$1.15m(-)[13]
https://www.domain.com.au/suburb-profile/abbotsbury-nsw-2176,5 Bedroom House,,,,,,,,
https://www.domain.com.au/suburb-profile/abbotsford-nsw-2046,2 Bedroom House,$1.459m,$1.32m,$2.65m,17,$820,56%,-,2025=$1.459m(-)[17]; 2024=N/A(-)[7]; 2023=$1.263m(-12.5%)[17]; 2022=$1.443m(-)[10]; 2021=N/A(-)[9]
https://www.domain.com.au/suburb-profile/abbotsford-nsw-2046,3 Bedroom House,$3.025m,$1.55m,$4.76m,21,$1030,73%,48,2025=$3.025m(17.6%)[21]; 2024=$2.573m(-)[20]; 2023=N/A(-)[9]; 2022=$2.83m(37.7%)[21]; 2021=$2.055m(17.4%)[24]
https://www.domain.com.au/suburb-profile/abbotsford-nsw-2046,4 Bedroom House,$3.4m,$280k,$4.85m,11,-,-,-,2025=$3.4m(-)[11]; 2024=N/A(-)[6]; 2023=N/A(-)[9]; 2022=$3.32m(-)[15]; 2021=N/A(-)[9]
https://www.domain.com.au/suburb-profile/abbotsford-nsw-2046,5 Bedroom House,,,,,,,,
https://www.domain.com.au/suburb-profile/abbotsford-nsw-2046,1 Bedroom Unit,,,,,,,,
https://www.domain.com.au/suburb-profile/abbotsford-nsw-2046,2 Bedroom Unit,$1.141m,$774k,$1.845m,37,$750,79%,31,2025=$1.141m(-5.9%)[37]; 2024=$1.213m(33.3%)[34]; 2023=$910k(-12.1%)[22]; 2022=$1.035m(13.7%)[26]; 2021=$910k(-5.1%)[30]
https://www.domain.com.au/suburb-profile/abbotsford-nsw-2046,3 Bedroom Unit,$2.105m,$1.326m,$5.5m,12,$985,-,-,2025=$2.105m(13.7%)[12]; 2024=$1.852m(10.6%)[16]; 2023=$1.675m(-19.3%)[13]; 2022=$2.075m(53.6%)[19]; 2021=$1.351m(2.5%)[18]
https://www.domain.com.au/suburb-profile/abbotsford-vic-3067,2 Bedroom House,$1.1m,$760k,$1.385m,42,$725,81%,32,2025=$1.1m(-5.8%)[42]; 2024=$1.168m(3%)[48]; 2023=$1.134m(-1.7%)[28]; 2022=$1.154m(9.9%)[50]; 2021=$1.05m(-2.3%)[33]
https://www.domain.com.au/suburb-profile/abbotsford-vic-3067,3 Bedroom House,$1.35m,$1.03m,$1.721m,34,$900,60%,60,2025=$1.35m(4.3%)[34]; 2024=$1.294m(0.3%)[43]; 2023=$1.29m(-13.7%)[37]; 2022=$1.495m(13.9%)[30]; 2021=$1.313m(2.6%)[37]
https://www.domain.com.au/suburb-profile/abbotsford-vic-3067,4 Bedroom House,,,,,,,,
https://www.domain.com.au/suburb-profile/abbotsford-vic-3067,1 Bedroom Unit,$393k,$285k,$590k,141,$510,-,85,2025=$393k(2.1%)[141]; 2024=$385k(3.8%)[126]; 2023=$371k(-9.5%)[85]; 2022=$410k(-4.2%)[63]; 2021=$428k(7.3%)[53]
https://www.domain.com.au/suburb-profile/abbotsford-vic-3067,2 Bedroom Unit,$580k,$380k,$995k,187,$660,65%,69,2025=$580k(-)[187]; 2024=$580k(4.5%)[203]; 2023=$555k(-7.5%)[151]; 2022=$600k(-1%)[130]; 2021=$606k(-1.8%)[118]
https://www.domain.com.au/suburb-profile/abbotsford-vic-3067,3 Bedroom Unit,$1.038m,$470k,$1.85m,26,$900,20%,61,2025=$1.038m(9.3%)[26]; 2024=$950k(-5.5%)[22]; 2023=$1.005m(-14.5%)[25]; 2022=$1.175m(6.8%)[33]; 2021=$1.1m(18.8%)[25]
https://www.domain.com.au/suburb-profile/abbotsford-qld-4670,,,,,,,,,
https://www.domain.com.au/suburb-profile/abbotsham-tas-7315,,,,,,,,,
https://www.domain.com.au/suburb-profile/abels-bay-tas-7112,,,,,,,,,
https://www.domain.com.au/suburb-profile/abercorn-qld-4627,,,,,,,,,
https://www.domain.com.au/suburb-profile/abercrombie-nsw-2795,3 Bedroom House,,,,,,,,
https://www.domain.com.au/suburb-profile/abercrombie-nsw-2795,4 Bedroom House,,,,,,,,
https://www.domain.com.au/suburb-profile/abercrombie-river-nsw-2795,,,,,,,,,
https://www.domain.com.au/suburb-profile/aberdare-nsw-2325,2 Bedroom House,,,,,,,,
https://www.domain.com.au/suburb-profile/aberdare-nsw-2325,3 Bedroom House,$585k,$495k,$695k,23,$500,-,56,2025=$585k(-2.5%)[23]; 2024=$600k(12.8%)[23]; 2023=$532k(-6.7%)[18]; 2022=$570k(50%)[35]; 2021=$380k(11.1%)[26]
https://www.domain.com.au/suburb-profile/aberdare-nsw-2325,4 Bedroom House,,,,,,,,
https://www.domain.com.au/suburb-profile/aberdare-nsw-2325,5 Bedroom House,,,,,,,,
https://www.domain.com.au/suburb-profile/aberdare-nsw-2325,2 Bedroom Unit,,,,,,,,
https://www.domain.com.au/suburb-profile/aberdare-nsw-2325,3 Bedroom Unit,,,,,,,,
https://www.domain.com.au/suburb-profile/aberdeen-nsw-2336,2 Bedroom House,,,,,,,,
https://www.domain.com.au/suburb-profile/aberdeen-nsw-2336,3 Bedroom House,$520k,$395k,$655k,12,$513,-,49,2025=$520k(10.4%)[12]; 2024=$471k(9.5%)[12]; 2023=$430k(10.8%)[17]; 2022=$388k(31.1%)[27]; 2021=$296k(-)[22]
https://www.domain.com.au/suburb-profile/aberdeen-nsw-2336,4 Bedroom House,,,,,,,,
https://www.domain.com.au/suburb-profile/aberdeen-tas-7310,3 Bedroom House,,,,,,,,
https://www.domain.com.au/suburb-profile/aberfeldie-vic-3040,2 Bedroom House,,,,,,,,
https://www.domain.com.au/suburb-profile/aberfeldie-vic-3040,3 Bedroom House,$1.65m,$890k,$5.5m,19,$650,61%,-,2025=$1.65m(24.5%)[19]; 2024=$1.325m(-9.9%)[15]; 2023=$1.47m(-22%)[18]; 2022=$1.885m(34.6%)[24]; 2021=$1.4m(13.8%)[17]
https://www.domain.com.au/suburb-profile/aberfeldie-vic-3040,4 Bedroom House,$2m,$1.393m,$2.675m,26,$1155,35%,79,2025=$2m(-6.3%)[26]; 2024=$2.135m(1.2%)[19]; 2023=$2.11m(0.4%)[21]; 2022=$2.101m(10.2%)[27]; 2021=$1.906m(33%)[22]
https://www.domain.com.au/suburb-profile/aberfeldie-vic-3040,5 Bedroom House,,,,,,,,
https://www.domain.com.au/suburb-profile/aberfeldie-vic-3040,1 Bedroom Unit,,,,,,,,
https://www.domain.com.au/suburb-profile/aberfeldie-vic-3040,2 Bedroom Unit,,,,,,,,
https://www.domain.com.au/suburb-profile/aberfeldie-vic-3040,3 Bedroom Unit,,,,,,,,
https://www.domain.com.au/suburb-profile/aberfeldy-vic-3825,,,,,,,,,
https://www.domain.com.au/suburb-profile/aberfoyle-nsw-2350,,,,,,,,,
https://www.domain.com.au/suburb-profile/aberfoyle-park-sa-5159,2 Bedroom House,,,,,,,,
https://www.domain.com.au/suburb-profile/aberfoyle-park-sa-5159,3 Bedroom House,$760k,$655k,$975k,68,$578,60%,52,2025=$760k(10.5%)[68]; 2024=$688k(14.5%)[70]; 2023=$601k(9.9%)[74]; 2022=$547k(22.9%)[93]; 2021=$445k(12.7%)[91]
https://www.domain.com.au/suburb-profile/aberfoyle-park-sa-5159,4 Bedroom House,$912k,$740k,$1.268m,44,$700,-,58,2025=$912k(9.1%)[44]; 2024=$836k(13%)[46]; 2023=$740k(6.3%)[57]; 2022=$696k(26.5%)[62]; 2021=$550k(17.3%)[46]
https://www.domain.com.au/suburb-profile/aberfoyle-park-sa-5159,5 Bedroom House,$1.105m,$941k,$1.45m,10,-,-,76,2025=$1.105m(-)[10]; 2024=N/A(-)[5]; 2023=$840k(-)[19]; 2022=N/A(-)[9]; 2021=$700k(22.2%)[15]
https://www.domain.com.au/suburb-profile/aberglasslyn-nsw-2320,2 Bedroom House,,,,,,,,
https://www.domain.com.au/suburb-profile/aberglasslyn-nsw-2320,3 Bedroom House,$654k,$530k,$765k,20,$580,-,41,2025=$654k(3.8%)[20]; 2024=$630k(3.3%)[21]; 2023=$610k(2.5%)[16]; 2022=$595k(23.7%)[23]; 2021=$481k(17.3%)[25]
https://www.domain.com.au/suburb-profile/aberglasslyn-nsw-2320,4 Bedroom House,$753k,$680k,$1.08m,81,$650,-,57,2025=$753k(-2.8%)[81]; 2024=$775k(5.4%)[69]; 2023=$735k(0.7%)[60]; 2022=$730k(29.2%)[99]; 2021=$565k(9.7%)[100]
https://www.domain.com.au/suburb-profile/aberglasslyn-nsw-2320,5 Bedroom House,$932k,$785k,$1.462m,18,-,-,57,2025=$932k(-)[18]; 2024=N/A(-)[7]; 2023=$818k(0.5%)[12]; 2022=$814k(18.3%)[10]; 2021=$688k(18.6%)[12]
https://www.domain.com.au/suburb-profile/aberglasslyn-nsw-2320,2 Bedroom Unit,,,,,,,,
https://www.domain.com.au/suburb-profile/aberglasslyn-nsw-2320,3 Bedroom Unit,,,,,,,,
https://www.domain.com.au/suburb-profile/abergowrie-qld-4850,,,,,,,,,
https://www.domain.com.au/suburb-profile/abermain-nsw-2326,2 Bedroom House,,,,,,,,
https://www.domain.com.au/suburb-profile/abermain-nsw-2326,3 Bedroom House,$640k,$478k,$733k,27,$540,-,36,2025=$640k(10.3%)[27]; 2024=$580k(1.8%)[30]; 2023=$570k(7.5%)[15]; 2022=$530k(39.5%)[20]; 2021=$380k(-2.1%)[21]
https://www.domain.com.au/suburb-profile/abermain-nsw-2326,4 Bedroom House,$920k,$480k,$1.485m,14,-,-,57,2025=$920k(-)[14]; 2024=N/A(-)[7]; 2023=N/A(-)[8]; 2022=N/A(-)[6]; 2021=N/A(-)[8]
https://www.domain.com.au/suburb-profile/abermain-nsw-2326,5 Bedroom House,,,,,,,,
https://www.domain.com.au/suburb-profile/abermain-nsw-2326,2 Bedroom Unit,,,,,,,,
https://www.domain.com.au/suburb-profile/abernethy-nsw-2325,,,,,,,,,
https://www.domain.com.au/suburb-profile/abingdon-downs-qld-4892,,,,,,,,,
https://www.domain.com.au/suburb-profile/abington-nsw-2350,,,,,,,,,
https://www.domain.com.au/suburb-profile/abington-qld-4660,,,,,,,,,
https://www.domain.com.au/suburb-profile/abminga-station-sa-5440,,,,,,,,,
https://www.domain.com.au/suburb-profile/acacia-creek-nsw-2476,,,,,,,,,
https://www.domain.com.au/suburb-profile/lower-acacia-creek-nsw-2476,,,,,,,,,
https://www.domain.com.au/suburb-profile/acacia-gardens-nsw-2763,3 Bedroom House,$1.07m,$890k,$1.35m,12,$700,-,32,2025=$1.07m(-)[12]; 2024=N/A(-)[9]; 2023=$1.008m(12.6%)[14]; 2022=$895k(20.3%)[15]; 2021=$744k(-4.9%)[18]
https://www.domain.com.au/suburb-profile/acacia-gardens-nsw-2763,4 Bedroom House,$1.333m,$1.149m,$1.502m,20,$780,60%,50,2025=$1.333m(-3.1%)[20]; 2024=$1.375m(10%)[27]; 2023=$1.25m(5.5%)[23]; 2022=$1.185m(22.9%)[41]; 2021=$964k(10.4%)[28]
https://www.domain.com.au/suburb-profile/acacia-gardens-nsw-2763,5 Bedroom House,,,,,,,,
https://www.domain.com.au/suburb-profile/acacia-gardens-nsw-2763,3 Bedroom Unit,,,,,,,,
https://www.domain.com.au/suburb-profile/acacia-hills-nt-0822,3 Bedroom House,,,,,,,,
https://www.domain.com.au/suburb-profile/acacia-hills-nt-0822,5 Bedroom House,,,,,,,,
https://www.domain.com.au/suburb-profile/acacia-hills-tas-7306,3 Bedroom House,,,,,,,,
https://www.domain.com.au/suburb-profile/acacia-ridge-qld-4110,2 Bedroom House,,,,,,,,
https://www.domain.com.au/suburb-profile/acacia-ridge-qld-4110,3 Bedroom House,$795k,$630k,$916k,74,$550,79%,23,2025=$795k(14.2%)[74]; 2024=$696k(11.4%)[73]; 2023=$625k(1.1%)[73]; 2022=$618k(41.1%)[83]; 2021=$438k(12.3%)[82]
https://www.domain.com.au/suburb-profile/acacia-ridge-qld-4110,4 Bedroom House,$827k,$765k,$943k,12,$620,-,-,2025=$827k(4.7%)[12]; 2024=$790k(11.6%)[21]; 2023=$708k(19%)[16]; 2022=$595k(33.1%)[17]; 2021=$447k(-4.5%)[11]
https://www.domain.com.au/suburb-profile/acacia-ridge-qld-4110,5 Bedroom House,,,,,,,,
https://www.domain.com.au/suburb-profile/acacia-ridge-qld-4110,1 Bedroom Unit,,,,,,,,
https://www.domain.com.au/suburb-profile/acacia-ridge-qld-4110,2 Bedroom Unit,,,,,,,,
https://www.domain.com.au/suburb-profile/acacia-ridge-qld-4110,3 Bedroom Unit,,,,,,,,
https://www.domain.com.au/suburb-profile/acheron-vic-3714,,,,,,,,,
https://www.domain.com.au/suburb-profile/acland-qld-4401,,,,,,,,,
https://www.domain.com.au/suburb-profile/acton-act-2601,2 Bedroom Unit,,,,,,,,
https://www.domain.com.au/suburb-profile/acton-act-2601,3 Bedroom Unit,,,,,,,,
https://www.domain.com.au/suburb-profile/acton-tas-7320,2 Bedroom House,,,,,,,,
https://www.domain.com.au/suburb-profile/acton-tas-7320,3 Bedroom House,$364k,$285k,$460k,38,$400,-,55,2025=$364k(4.3%)[38]; 2024=$349k(-0.3%)[26]; 2023=$350k(7.7%)[25]; 2022=$325k(41.9%)[46]; 2021=$229k(14.5%)[39]
https://www.domain.com.au/suburb-profile/acton-tas-7320,4 Bedroom House,,,,,,,,
https://www.domain.com.au/suburb-profile/acton-park-wa-6280,,,,,,,,,
https://www.domain.com.au/suburb-profile/acton-park-tas-7170,,,,,,,,,
https://www.domain.com.au/suburb-profile/ada-vic-3833,,,,,,,,,
https://www.domain.com.au/suburb-profile/adaminaby-nsw-2629,2 Bedroom House,,,,,,,,
https://www.domain.com.au/suburb-profile/adaminaby-nsw-2629,3 Bedroom House,,,,,,,,
https://www.domain.com.au/suburb-profile/adaminaby-nsw-2629,4 Bedroom House,,,,,,,,
https://www.domain.com.au/suburb-profile/adams-estate-vic-3984,,,,,,,,,
https://www.domain.com.au/suburb-profile/adamstown-nsw-2289,2 Bedroom House,$820k,$658k,$1.2m,24,$600,-,21,2025=$820k(12.6%)[24]; 2024=$728k(-1.1%)[33]; 2023=$736k(-3.8%)[20]; 2022=$765k(12.5%)[21]; 2021=$680k(18.3%)[24]
https://www.domain.com.au/suburb-profile/adamstown-nsw-2289,3 Bedroom House,$973k,$795k,$1.4m,55,$730,80%,67,2025=$973k(-2.7%)[55]; 2024=$1m(8.2%)[42]; 2023=$924k(-4%)[47]; 2022=$963k(20.4%)[48]; 2021=$800k(18.5%)[68]
https://www.domain.com.au/suburb-profile/adamstown-nsw-2289,4 Bedroom House,$1.5m,$920k,$2m,21,$863,44%,34,2025=$1.5m(-3.2%)[21]; 2024=$1.55m(-)[16]; 2023=N/A(-)[11]; 2022=$1.41m(34.3%)[15]; 2021=$1.05m(26.8%)[19]
https://www.domain.com.au/suburb-profile/adamstown-nsw-2289,5 Bedroom House,,,,,,,,
https://www.domain.com.au/suburb-profile/adamstown-nsw-2289,1 Bedroom Unit,$520k,$375k,$670k,11,$450,-,-,2025=$520k(-)[11]; 2024=N/A(-)[5]; 2023=N/A(-)[1]; 2022=N/A(-)[2]; 2021=N/A(-)[4]
https://www.domain.com.au/suburb-profile/adamstown-nsw-2289,2 Bedroom Unit,$675k,$510k,$840k,31,$550,-,33,2025=$675k(-1.5%)[31]; 2024=$685k(25.5%)[22]; 2023=$546k(-0.7%)[13]; 2022=$550k(23.9%)[24]; 2021=$444k(20%)[23]
https://www.domain.com.au/suburb-profile/adamstown-nsw-2289,3 Bedroom Unit,,,,,,,,
https://www.domain.com.au/suburb-profile/adamstown-heights-nsw-2289,2 Bedroom House,,,,,,,,
https://www.domain.com.au/suburb-profile/adamstown-heights-nsw-2289,3 Bedroom House,$1.05m,$805k,$1.34m,38,$745,67%,47,2025=$1.05m(5%)[38]; 2024=$1m(4.7%)[40]; 2023=$955k(2.9%)[49]; 2022=$928k(14.4%)[34]; 2021=$811k(14.2%)[43]
https://www.domain.com.au/suburb-profile/adamstown-heights-nsw-2289,4 Bedroom House,$1.285m,$895k,$1.76m,33,$880,79%,44,2025=$1.285m(1.6%)[33]; 2024=$1.265m(1.2%)[29]; 2023=$1.25m(-7.4%)[32]; 2022=$1.35m(45.8%)[23]; 2021=$926k(10.9%)[26]
https://www.domain.com.au/suburb-profile/adamstown-heights-nsw-2289,5 Bedroom House,$1.65m,$1m,$1.818m,11,-,45%,-,2025=$1.65m(-)[11]; 2024=N/A(-)[9]; 2023=N/A(-)[7]; 2022=N/A(-)[3]; 2021=N/A(-)[6]
https://www.domain.com.au/suburb-profile/adamsvale-wa-6375,,,,,,,,,
https://www.domain.com.au/suburb-profile/adare-qld-4343,2 Bedroom House,,,,,,,,
https://www.domain.com.au/suburb-profile/adare-qld-4343,3 Bedroom House,,,,,,,,
https://www.domain.com.au/suburb-profile/adare-qld-4343,4 Bedroom House,$750k,$580k,$1.3m,16,-,-,36,2025=$750k(3.4%)[16]; 2024=$725k(9.4%)[12]; 2023=$663k(20.5%)[12]; 2022=$550k(31%)[21]; 2021=$420k(-)[27]
https://www.domain.com.au/suburb-profile/adare-qld-4343,5 Bedroom House,,,,,,,,
https://www.domain.com.au/suburb-profile/adavale-qld-4474,,,,,,,,,
https://www.domain.com.au/suburb-profile/mount-adams-wa-6525,,,,,,,,,
https://www.domain.com.au/suburb-profile/old-adaminaby-nsw-2629,,,,,,,,,
https://www.domain.com.au/suburb-profile/addington-vic-3352,,,,,,,,,
https://www.domain.com.au/suburb-profile/adelaide-sa-5000,2 Bedroom House,$850k,$627k,$1.3m,61,$630,59%,57,2025=$850k(15.6%)[61]; 2024=$735k(8.1%)[56]; 2023=$680k(2.3%)[46]; 2022=$665k(9%)[70]; 2021=$610k(13%)[49]
https://www.domain.com.au/suburb-profile/adelaide-sa-5000,3 Bedroom House,$951k,$680k,$1.9m,79,$750,50%,74,2025=$951k(-3.9%)[79]; 2024=$990k(14.2%)[65]; 2023=$867k(8.4%)[43]; 2022=$800k(9.6%)[76]; 2021=$730k(6%)[66]
https://www.domain.com.au/suburb-profile/adelaide-sa-5000,4 Bedroom House,,,,,,,,
https://www.domain.com.au/suburb-profile/adelaide-sa-5000,1 Bedroom Unit,$435k,$300k,$551k,157,$520,-,62,2025=$435k(7.9%)[157]; 2024=$403k(3.1%)[143]; 2023=$391k(15%)[134]; 2022=$340k(1.8%)[118]; 2021=$334k(-0.3%)[80]
https://www.domain.com.au/suburb-profile/adelaide-sa-5000,2 Bedroom Unit,$581k,$405k,$933k,250,$640,-,100,2025=$581k(7.6%)[250]; 2024=$540k(6.3%)[271]; 2023=$508k(1.8%)[238]; 2022=$499k(1.8%)[260]; 2021=$490k(6.5%)[228]
https://www.domain.com.au/suburb-profile/adelaide-sa-5000,3 Bedroom Unit,$845k,$449k,$2m,63,$750,-,113,2025=$845k(-9.1%)[63]; 2024=$930k(9.3%)[65]; 2023=$851k(7.3%)[49]; 2022=$793k(-0.9%)[46]; 2021=$800k(22.5%)[51]
https://www.domain.com.au/suburb-profile/adelaide-airport-sa-5950,,,,,,,,,
https://www.domain.com.au/suburb-profile/adelaide-bc-sa-5000,,,,,,,,,
https://www.domain.com.au/suburb-profile/adelaide-lead-vic-3465,,,,,,,,,
https://www.domain.com.au/suburb-profile/adelaide-park-qld-4703,,,,,,,,,
https://www.domain.com.au/suburb-profile/adelaide-river-nt-0846,,,,,,,,,
https://www.domain.com.au/suburb-profile/brisbane-adelaide-street-qld-4000,,,,,,,,,
https://www.domain.com.au/suburb-profile/north-adelaide-sa-5006,2 Bedroom House,$1.118m,$813k,$1.82m,22,$650,-,70,2025=$1.118m(22.7%)[22]; 2024=$911k(16.6%)[22]; 2023=$781k(-6.8%)[23]; 2022=$838k(18.4%)[41]; 2021=$708k(10.5%)[20]
https://www.domain.com.au/suburb-profile/north-adelaide-sa-5006,3 Bedroom House,$1.3m,$1.01m,$2.85m,39,$750,45%,74,2025=$1.3m(0.1%)[39]; 2024=$1.299m(8.3%)[34]; 2023=$1.2m(3.8%)[33]; 2022=$1.156m(19.2%)[42]; 2021=$970k(2.6%)[41]
https://www.domain.com.au/suburb-profile/north-adelaide-sa-5006,4 Bedroom House,$2.65m,$1.65m,$6.6m,15,$1120,-,119,2025=$2.65m(23.9%)[15]; 2024=$2.138m(-)[16]; 2023=N/A(-)[5]; 2022=$1.4m(-15.6%)[11]; 2021=$1.658m(23.3%)[16]
https://www.domain.com.au/suburb-profile/north-adelaide-sa-5006,1 Bedroom Unit,$530k,$392k,$862k,11,$450,-,58,2025=$530k(26.2%)[11]; 2024=$420k(11.7%)[21]; 2023=$376k(15.7%)[13]; 2022=$325k(18.6%)[25]; 2021=$274k(-2.1%)[20]
https://www.domain.com.au/suburb-profile/north-adelaide-sa-5006,2 Bedroom Unit,$713k,$530k,$1.26m,26,$550,-,50,2025=$713k(39.8%)[26]; 2024=$510k(7.8%)[34]; 2023=$473k(8.5%)[26]; 2022=$436k(11.8%)[35]; 2021=$390k(-0.8%)[18]
https://www.domain.com.au/suburb-profile/north-adelaide-sa-5006,3 Bedroom Unit,,,,,,,,
https://www.domain.com.au/suburb-profile/north-adelaide-melbourne-st-sa-5006,,,,,,,,,
https://www.domain.com.au/suburb-profile/port-adelaide-sa-5015,2 Bedroom House,$656k,$400k,$839k,20,$595,-,55,2025=$656k(14.9%)[20]; 2024=$571k(-)[11]; 2023=N/A(-)[4]; 2022=$445k(-)[10]; 2021=N/A(-)[5]
https://www.domain.com.au/suburb-profile/port-adelaide-sa-5015,3 Bedroom House,$746k,$500k,$1.305m,18,$650,-,48,2025=$746k(-4.4%)[18]; 2024=$780k(20%)[10]; 2023=$650k(6.6%)[13]; 2022=$610k(14%)[17]; 2021=$535k(-)[16]
https://www.domain.com.au/suburb-profile/port-adelaide-sa-5015,4 Bedroom House,,,,,,,,
https://www.domain.com.au/suburb-profile/port-adelaide-sa-5015,5 Bedroom House,,,,,,,,
https://www.domain.com.au/suburb-profile/port-adelaide-sa-5015,1 Bedroom Unit,,,,,,,,
https://www.domain.com.au/suburb-profile/port-adelaide-sa-5015,2 Bedroom Unit,,,,,,,,
https://www.domain.com.au/suburb-profile/port-adelaide-sa-5015,3 Bedroom Unit,,,,,,,,
https://www.domain.com.au/suburb-profile/adelong-nsw-2729,2 Bedroom House,,,,,,,,
https://www.domain.com.au/suburb-profile/adelong-nsw-2729,3 Bedroom House,,,,,,,,
https://www.domain.com.au/suburb-profile/adelong-nsw-2729,4 Bedroom House,,,,,,,,
https://www.domain.com.au/suburb-profile/adelong-nsw-2729,5 Bedroom House,,,,,,,,
https://www.domain.com.au/suburb-profile/adjungbilly-nsw-2727,,,,,,,,,
https://www.domain.com.au/suburb-profile/advancetown-qld-4211,3 Bedroom House,,,,,,,,
https://www.domain.com.au/suburb-profile/advancetown-qld-4211,5 Bedroom House,,,,,,,,
https://www.domain.com.au/suburb-profile/adventure-bay-tas-7150,2 Bedroom House,,,,,,,,
https://www.domain.com.au/suburb-profile/adventure-bay-tas-7150,3 Bedroom House,,,,,,,,
https://www.domain.com.au/suburb-profile/aeroglen-qld-4870,2 Bedroom House,,,,,,,,
https://www.domain.com.au/suburb-profile/aeroglen-qld-4870,3 Bedroom House,,,,,,,,
https://www.domain.com.au/suburb-profile/aeroglen-qld-4870,4 Bedroom House,,,,,,,,
https://www.domain.com.au/suburb-profile/aeroglen-qld-4870,5 Bedroom House,,,,,,,,
https://www.domain.com.au/suburb-profile/afterlee-nsw-2474,,,,,,,,,
https://www.domain.com.au/suburb-profile/agery-sa-5558,,,,,,,,,
https://www.domain.com.au/suburb-profile/agnes-vic-3962,2 Bedroom House,,,,,,,,
https://www.domain.com.au/suburb-profile/agnes-vic-3962,3 Bedroom House,,,,,,,,
https://www.domain.com.au/suburb-profile/agnes-vic-3962,4 Bedroom House,,,,,,,,
https://www.domain.com.au/suburb-profile/agnes-banks-nsw-2753,3 Bedroom House,,,,,,,,
https://www.domain.com.au/suburb-profile/agnes-banks-nsw-2753,4 Bedroom House,,,,,,,,
https://www.domain.com.au/suburb-profile/agnes-water-qld-4677,2 Bedroom House,,,,,,,,
https://www.domain.com.au/suburb-profile/agnes-water-qld-4677,3 Bedroom House,$840k,$675k,$1.44m,24,$668,-,200,2025=$840k(8%)[24]; 2024=$778k(5.4%)[18]; 2023=$738k(8.5%)[34]; 2022=$680k(58.1%)[47]; 2021=$430k(15.9%)[59]
https://www.domain.com.au/suburb-profile/agnes-water-qld-4677,4 Bedroom House,$975k,$669k,$1.3m,17,-,-,166,2025=$975k(7.6%)[17]; 2024=$906k(7.9%)[20]; 2023=$840k(9.1%)[30]; 2022=$770k(43.9%)[63]; 2021=$535k(8.5%)[61]
https://www.domain.com.au/suburb-profile/agnes-water-qld-4677,5 Bedroom House,,,,,,,,
https://www.domain.com.au/suburb-profile/agnes-water-qld-4677,1 Bedroom Unit,$260k,$185k,$338k,17,-,-,127,2025=$260k(0.4%)[17]; 2024=$259k(-)[11]; 2023=N/A(-)[7]; 2022=$201k(-)[12]; 2021=N/A(-)[7]
https://www.domain.com.au/suburb-profile/agnes-water-qld-4677,2 Bedroom Unit,,,,,,,,
https://www.domain.com.au/suburb-profile/agnes-water-qld-4677,3 Bedroom Unit,,,,,,,,
https://www.domain.com.au/suburb-profile/st-agnes-qld-4671,,,,,,,,,
https://www.domain.com.au/suburb-profile/st-agnes-sa-5097,2 Bedroom House,,,,,,,,
https://www.domain.com.au/suburb-profile/st-agnes-sa-5097,3 Bedroom House,$781k,$670k,$970k,36,$618,75%,64,2025=$781k(26.6%)[36]; 2024=$617k(5.8%)[26]; 2023=$583k(7%)[34]; 2022=$545k(26.7%)[42]; 2021=$430k(4.1%)[40]
https://www.domain.com.au/suburb-profile/st-agnes-sa-5097,4 Bedroom House,$845k,$665k,$1.038m,14,$660,-,56,2025=$845k(10.2%)[14]; 2024=$767k(6.8%)[13]; 2023=$718k(12.2%)[18]; 2022=$640k(24.3%)[15]; 2021=$515k(17%)[24]
https://www.domain.com.au/suburb-profile/st-agnes-sa-5097,5 Bedroom House,,,,,,,,
https://www.domain.com.au/suburb-profile/ainslie-act-2602,2 Bedroom House,,,,,,,,
https://www.domain.com.au/suburb-profile/ainslie-act-2602,3 Bedroom House,$1.38m,$992k,$1.822m,13,$700,55%,-,2025=$1.38m(0.7%)[13]; 2024=$1.37m(5.5%)[17]; 2023=$1.298m(-13.5%)[19]; 2022=$1.5m(25%)[19]; 2021=$1.2m(31.9%)[34]
https://www.domain.com.au/suburb-profile/ainslie-act-2602,4 Bedroom House,,,,,,,,
https://www.domain.com.au/suburb-profile/ainslie-act-2602,5 Bedroom House,,,,,,,,
https://www.domain.com.au/suburb-profile/aintree-vic-3336,2 Bedroom House,,,,,,,,
https://www.domain.com.au/suburb-profile/aintree-vic-3336,3 Bedroom House,$580k,$500k,$841k,33,$500,33%,81,2025=$580k(-2.5%)[33]; 2024=$595k(1.7%)[23]; 2023=$585k(8.1%)[37]; 2022=$541k(4.4%)[64]; 2021=$518k(11.9%)[70]
https://www.domain.com.au/suburb-profile/aintree-vic-3336,4 Bedroom House,$740k,$590k,$1.07m,113,$550,35%,74,2025=$740k(-2.8%)[113]; 2024=$761k(3.7%)[98]; 2023=$734k(-1.5%)[98]; 2022=$745k(8.6%)[121]; 2021=$686k(10.6%)[133]
https://www.domain.com.au/suburb-profile/aintree-vic-3336,5 Bedroom House,$936k,$795k,$1.33m,18,$650,-,78,2025=$936k(-13.3%)[18]; 2024=$1.08m(8.8%)[14]; 2023=$993k(4.1%)[14]; 2022=$954k(12.2%)[18]; 2021=$850k(-)[13]
https://www.domain.com.au/suburb-profile/airdmillan-qld-4807,3 Bedroom House,,,,,,,,
https://www.domain.com.au/suburb-profile/airdmillan-qld-4807,5 Bedroom House,,,,,,,,
https://www.domain.com.au/suburb-profile/airds-nsw-2560,3 Bedroom House,$760k,$520k,$851k,37,$540,93%,-,2025=$760k(4.8%)[37]; 2024=$725k(16.2%)[37]; 2023=$624k(-4%)[26]; 2022=$650k(27%)[23]; 2021=$512k(11.1%)[32]
https://www.domain.com.au/suburb-profile/airds-nsw-2560,4 Bedroom House,$924k,$679k,$1.02m,20,$720,-,79,2025=$924k(25.9%)[20]; 2024=$734k(-)[23]; 2023=N/A(-)[7]; 2022=$848k(29.3%)[18]; 2021=$656k(6.3%)[22]
https://www.domain.com.au/suburb-profile/airds-nsw-2560,5 Bedroom House,,,,,,,,
https://www.domain.com.au/suburb-profile/aire-valley-vic-3237,,,,,,,,,
https://www.domain.com.au/suburb-profile/aireys-inlet-vic-3231,2 Bedroom House,,,,,,,,
https://www.domain.com.au/suburb-profile/aireys-inlet-vic-3231,3 Bedroom House,$1.643m,$1.125m,$2.65m,11,-,-,94,2025=$1.643m(19.5%)[11]; 2024=$1.375m(-21.4%)[10]; 2023=$1.75m(-5.4%)[12]; 2022=$1.85m(36%)[23]; 2021=$1.36m(11%)[15]
https://www.domain.com.au/suburb-profile/aireys-inlet-vic-3231,4 Bedroom House,,,,,,,,
https://www.domain.com.au/suburb-profile/aireys-inlet-vic-3231,2 Bedroom Unit,,,,,,,,
https://www.domain.com.au/suburb-profile/airlie-beach-qld-4802,3 Bedroom House,,,,,,,,
https://www.domain.com.au/suburb-profile/airlie-beach-qld-4802,4 Bedroom House,,,,,,,,
https://www.domain.com.au/suburb-profile/airlie-beach-qld-4802,1 Bedroom Unit,$360k,$315k,$426k,11,$400,-,74,2025=$360k(-)[11]; 2024=$360k(9.8%)[10]; 2023=$328k(28.6%)[11]; 2022=$255k(-)[17]; 2021=N/A(-)[8]
https://www.domain.com.au/suburb-profile/airlie-beach-qld-4802,2 Bedroom Unit,$560k,$410k,$665k,31,$700,-,160,2025=$560k(8.7%)[31]; 2024=$515k(22.6%)[45]; 2023=$420k(20%)[53]; 2022=$350k(11.1%)[77]; 2021=$315k(8.6%)[58]
https://www.domain.com.au/suburb-profile/airlie-beach-qld-4802,3 Bedroom Unit,$703k,$485k,$1.45m,12,-,-,64,2025=$703k(-2.4%)[12]; 2024=$720k(39.8%)[13]; 2023=$515k(-14.2%)[14]; 2022=$600k(32.7%)[25]; 2021=$452k(-)[19]
https://www.domain.com.au/suburb-profile/airly-vic-3851,4 Bedroom House,,,,,,,,
https://www.domain.com.au/suburb-profile/airport-west-vic-3042,2 Bedroom House,$636k,$460k,$906k,37,$530,66%,67,2025=$636k(0.3%)[37]; 2024=$634k(-1.7%)[22]; 2023=$645k(-0.8%)[23]; 2022=$650k(5.7%)[33]; 2021=$615k(4.6%)[30]
https://www.domain.com.au/suburb-profile/airport-west-vic-3042,3 Bedroom House,$893k,$657k,$1.24m,111,$620,65%,36,2025=$893k(-2.9%)[111]; 2024=$920k(7%)[93]; 2023=$860k(-6.5%)[97]; 2022=$920k(10.8%)[102]; 2021=$830k(3.9%)[95]
https://www.domain.com.au/suburb-profile/airport-west-vic-3042,4 Bedroom House,$1.13m,$845k,$1.475m,32,$795,26%,113,2025=$1.13m(-1.4%)[32]; 2024=$1.146m(4.2%)[28]; 2023=$1.1m(-)[17]; 2022=$1.1m(11.6%)[29]; 2021=$986k(6.8%)[39]
https://www.domain.com.au/suburb-profile/airport-west-vic-3042,5 Bedroom House,,,,,,,,
https://www.domain.com.au/suburb-profile/airport-west-vic-3042,1 Bedroom Unit,,,,,,,,
https://www.domain.com.au/suburb-profile/airport-west-vic-3042,2 Bedroom Unit,$573k,$385k,$690k,24,$500,69%,45,2025=$573k(8.5%)[24]; 2024=$528k(-12.1%)[29]; 2023=$601k(1.9%)[24]; 2022=$590k(5.4%)[27]; 2021=$560k(4.7%)[23]
https://www.domain.com.au/suburb-profile/airport-west-vic-3042,3 Bedroom Unit,$798k,$600k,$960k,15,$550,80%,-,2025=$798k(2.6%)[15]; 2024=$778k(5.1%)[14]; 2023=$740k(5.7%)[16]; 2022=$700k(3.4%)[19]; 2021=$677k(-5.7%)[10]
https://www.domain.com.au/suburb-profile/airville-qld-4807,,,,,,,,,
https://www.domain.com.au/suburb-profile/aitkenvale-qld-4814,2 Bedroom House,,,,,,,,
https://www.domain.com.au/suburb-profile/aitkenvale-qld-4814,3 Bedroom House,$503k,$380k,$615k,41,$470,-,18,2025=$503k(37.8%)[41]; 2024=$365k(9.6%)[52]; 2023=$333k(7.4%)[52]; 2022=$310k(17.9%)[69]; 2021=$263k(-3%)[59]
https://www.domain.com.au/suburb-profile/aitkenvale-qld-4814,4 Bedroom House,$559k,$420k,$805k,17,$583,-,39,2025=$559k(8.1%)[17]; 2024=$517k(42%)[15]; 2023=$364k(-6.4%)[10]; 2022=$389k(12.8%)[22]; 2021=$345k(11.3%)[19]
https://www.domain.com.au/suburb-profile/aitkenvale-qld-4814,5 Bedroom House,,,,,,,,
https://www.domain.com.au/suburb-profile/ajana-wa-6532,,,,,,,,,
https://www.domain.com.au/suburb-profile/akaroa-tas-7216,2 Bedroom House,,,,,,,,
https://www.domain.com.au/suburb-profile/akaroa-tas-7216,3 Bedroom House,,,,,,,,
https://www.domain.com.au/suburb-profile/akaroa-tas-7216,4 Bedroom House,,,,,,,,
https://www.domain.com.au/suburb-profile/akaroa-tas-7216,5 Bedroom House,,,,,,,,
https://www.domain.com.au/suburb-profile/akolele-nsw-2546,,,,,,,,,
https://www.domain.com.au/suburb-profile/alabama-hill-qld-4820,,,,,,,,,
https://www.domain.com.au/suburb-profile/alawa-nt-0810,3 Bedroom House,$520k,$320k,$775k,20,$573,-,-,2025=$520k(-2.8%)[20]; 2024=$535k(0.9%)[14]; 2023=$530k(1.3%)[17]; 2022=$523k(15.5%)[20]; 2021=$453k(37.7%)[16]
https://www.domain.com.au/suburb-profile/alawa-nt-0810,4 Bedroom House,,,,,,,,
https://www.domain.com.au/suburb-profile/alawa-nt-0810,5 Bedroom House,,,,,,,,
https://www.domain.com.au/suburb-profile/alawa-nt-0810,2 Bedroom Unit,,,,,,,,
https://www.domain.com.au/suburb-profile/alawa-nt-0810,3 Bedroom Unit,,,,,,,,
https://www.domain.com.au/suburb-profile/alawoona-sa-5311,,,,,,,,,
https://www.domain.com.au/suburb-profile/albacutya-vic-3424,,,,,,,,,
https://www.domain.com.au/suburb-profile/albanvale-vic-3021,2 Bedroom House,,,,,,,,
https://www.domain.com.au/suburb-profile/albanvale-vic-3021,3 Bedroom House,$609k,$495k,$720k,54,$450,-,39,2025=$609k(1.3%)[54]; 2024=$601k(1.9%)[36]; 2023=$590k(-3.4%)[48]; 2022=$611k(8.9%)[49]; 2021=$561k(9.4%)[55]
https://www.domain.com.au/suburb-profile/albanvale-vic-3021,4 Bedroom House,$684k,$612k,$764k,14,-,-,61,2025=$684k(2.1%)[14]; 2024=$670k(3.7%)[17]; 2023=$646k(-1.8%)[10]; 2022=$658k(-1.3%)[12]; 2021=$667k(24.7%)[18]
https://www.domain.com.au/suburb-profile/albanvale-vic-3021,5 Bedroom House,,,,,,,,
https://www.domain.com.au/suburb-profile/albany-wa-6330,2 Bedroom House,,,,,,,,
https://www.domain.com.au/suburb-profile/albany-wa-6330,3 Bedroom House,$935k,$725k,$1.65m,14,$535,-,186,2025=$935k(20%)[14]; 2024=$779k(10.3%)[18]; 2023=$706k(21.7%)[26]; 2022=$580k(2.7%)[17]; 2021=$565k(2.7%)[29]
https://www.domain.com.au/suburb-profile/albany-wa-6330,4 Bedroom House,$1m,$715k,$1.425m,13,-,-,-,2025=$1m(-)[13]; 2024=N/A(-)[8]; 2023=N/A(-)[6]; 2022=$908k(44.4%)[10]; 2021=$629k(-0.3%)[12]
https://www.domain.com.au/suburb-profile/albany-wa-6330,5 Bedroom House,,,,,,,,
https://www.domain.com.au/suburb-profile/albany-creek-qld-4035,2 Bedroom House,,,,,,,,
https://www.domain.com.au/suburb-profile/albany-creek-qld-4035,3 Bedroom House,$910k,$740k,$1.1m,71,$693,-,22,2025=$910k(11.2%)[71]; 2024=$818k(6.2%)[94]; 2023=$770k(-0.3%)[63]; 2022=$772k(31.1%)[96]; 2021=$589k(12.2%)[103]
https://www.domain.com.au/suburb-profile/albany-creek-qld-4035,4 Bedroom House,$1.2m,$923k,$1.65m,78,$770,-,63,2025=$1.2m(14.8%)[78]; 2024=$1.045m(14%)[81]; 2023=$917k(-3.8%)[94]; 2022=$953k(31.8%)[104]; 2021=$723k(13.5%)[110]
https://www.domain.com.au/suburb-profile/albany-creek-qld-4035,5 Bedroom House,$1.38m,$1.05m,$2.11m,29,-,-,49,2025=$1.38m(13.6%)[29]; 2024=$1.215m(8.5%)[39]; 2023=$1.12m(-7.3%)[32]; 2022=$1.208m(45.9%)[50]; 2021=$828k(15%)[38]
https://www.domain.com.au/suburb-profile/albany-creek-qld-4035,2 Bedroom Unit,,,,,,,,
https://www.domain.com.au/suburb-profile/albany-creek-qld-4035,3 Bedroom Unit,$737k,$687k,$875k,25,$655,-,55,2025=$737k(21.2%)[25]; 2024=$608k(-0.7%)[24]; 2023=$612k(7.4%)[14]; 2022=$570k(29.5%)[23]; 2021=$440k(-7.6%)[10]
https://www.domain.com.au/suburb-profile/port-albany-wa-6330,2 Bedroom House,,,,,,,,
https://www.domain.com.au/suburb-profile/port-albany-wa-6330,3 Bedroom House,,,,,,,,
https://www.domain.com.au/suburb-profile/albert-nsw-2873,,,,,,,,,
https://www.domain.com.au/suburb-profile/albert-park-vic-3206,2 Bedroom House,$1.595m,$1.07m,$3.65m,35,$775,83%,18,2025=$1.595m(2.2%)[35]; 2024=$1.56m(-4.6%)[39]; 2023=$1.635m(-13.9%)[30]; 2022=$1.9m(8.3%)[49]; 2021=$1.755m(17%)[31]
https://www.domain.com.au/suburb-profile/albert-park-vic-3206,3 Bedroom House,$2.48m,$1.685m,$4.4m,51,$1180,82%,44,2025=$2.48m(1.4%)[51]; 2024=$2.446m(-9.7%)[50]; 2023=$2.71m(13.9%)[45]; 2022=$2.38m(3.5%)[85]; 2021=$2.3m(2.9%)[51]
https://www.domain.com.au/suburb-profile/albert-park-vic-3206,4 Bedroom House,$3.475m,$2.2m,$8.198m,26,$1350,64%,55,2025=$3.475m(-3.9%)[26]; 2024=$3.615m(13.4%)[18]; 2023=$3.188m(-6.2%)[22]; 2022=$3.4m(-3.1%)[29]; 2021=$3.51m(23.2%)[21]
https://www.domain.com.au/suburb-profile/albert-park-vic-3206,5 Bedroom House,,,,,,,,
https://www.domain.com.au/suburb-profile/albert-park-vic-3206,1 Bedroom Unit,,,,,,,,
https://www.domain.com.au/suburb-profile/albert-park-vic-3206,2 Bedroom Unit,$813k,$375k,$2m,14,$650,-,-,2025=$813k(-33.8%)[14]; 2024=$1.228m(-)[16]; 2023=N/A(-)[4]; 2022=$1.355m(-)[16]; 2021=N/A(-)[9]
https://www.domain.com.au/suburb-profile/albert-park-vic-3206,3 Bedroom Unit,,,,,,,,
https://www.domain.com.au/suburb-profile/albert-park-sa-5014,2 Bedroom House,,,,,,,,
https://www.domain.com.au/suburb-profile/albert-park-sa-5014,3 Bedroom House,$860k,$680k,$1.1m,17,$610,57%,70,2025=$860k(14.7%)[17]; 2024=$750k(7.3%)[15]; 2023=$699k(11%)[16]; 2022=$630k(21.2%)[27]; 2021=$520k(15.6%)[15]
https://www.domain.com.au/suburb-profile/albert-park-sa-5014,4 Bedroom House,,,,,,,,
